first_name,last_name,email,city,state
Brenda,Washington,bwashington0@linkedin.com,Van Nuys,CA
Russell,Lee,rlee1@washingtonpost.com,Philadelphia,PA
Shawn,Porter,sporter2@elegantthemes.com,Oklahoma City,OK
Earl,Burke,eburke3@wunderground.com,Oklahoma City,OK
Jimmy,Lopez,jlopez4@wiley.com,Dallas,TX
Scott,Mccoy,smccoy5@diigo.com,Columbia,SC
Dennis,Mcdonald,dmcdonald6@dailymotion.com,Huntington,WV
Donna,Crawford,dcrawford7@bigcartel.com,Fort Lauderdale,FL
Bobby,Willis,bwillis8@bigcartel.com,Saint Louis,MO
Kathy,Watson,kwatson9@businesswire.com,Springfield,IL
Shirley,Burton,sburtona@illinois.edu,Champaign,IL
Albert,King,akingb@tamu.edu,Charlotte,NC
Laura,Banks,lbanksc@umich.edu,Salt Lake City,UT
Gary,Cole,gcoled@virginia.edu,Nashville,TN
Sean,Gonzales,sgonzalese@boston.com,Fort Worth,TX
Terry,Daniels,tdanielsf@furl.net,Kansas City,MO
Deborah,Cooper,dcooperg@furl.net,Washington,DC
Kevin,Nichols,knicholsh@dot.gov,Raleigh,NC
Gerald,Montgomery,gmontgomeryi@patch.com,Jackson,TN
Bonnie,Kim,bkimj@flavors.me,Charlotte,NC
Jeremy,Perez,jperezk@goo.ne.jp,New York City,NY
Clarence,Jordan,cjordanl@virginia.edu,Marietta,GA
Harold,Gray,hgraym@examiner.com,Miami,FL
Larry,Sanchez,lsanchezn@sogou.com,Detroit,MI
Theresa,Carr,tcarro@ovh.net,Anchorage,AK
Wayne,Hill,whillp@imgur.com,Honolulu,HI
Elizabeth,Baker,ebakerq@prlog.org,Des Moines,IA
Walter,Baker,wbakerr@mlb.com,Los Angeles,CA
Raymond,Fernandez,rfernandezs@illinois.edu,San Francisco,CA
Andrew,Lopez,alopezt@theglobeandmail.com,Evansville,IN
Mildred,Olson,molsonu@cornell.edu,Santa Clara,CA
Wayne,Evans,wevansv@jigsy.com,Denton,TX
Anne,Ferguson,afergusonw@360.cn,Bradenton,FL
Amy,Baker,abakerx@java.com,Cincinnati,OH
Debra,Miller,dmillery@cdc.gov,Albany,NY
David,Mccoy,dmccoyz@time.com,Columbia,SC
Howard,Harrison,hharrison10@ucoz.com,Norwalk,CT
Eric,Alvarez,ealvarez11@w3.org,Fort Collins,CO
Phillip,Moore,pmoore12@quantcast.com,New York City,NY
Sean,Mason,smason13@woothemes.com,Miami,FL
Clarence,Ramirez,cramirez14@nbcnews.com,Littleton,CO
Carl,Greene,cgreene15@issuu.com,Kalamazoo,MI
Andrew,Fuller,afuller16@dion.ne.jp,Beaumont,TX
Bruce,Perez,bperez17@statcounter.com,Cleveland,OH
Sandra,Russell,srussell18@cloudflare.com,Young America,MN
Walter,Perkins,wperkins19@sohu.com,Denver,CO
Joyce,Weaver,jweaver1a@fotki.com,Saint Louis,MO
Jonathan,Bryant,jbryant1b@sina.com.cn,Port Saint Lucie,FL
Jack,Henry,jhenry1c@harvard.edu,Memphis,TN
Tina,Foster,tfoster1d@nhs.uk,Huntsville,TX
Lois,Reyes,lreyes1e@gmpg.org,Kansas City,MO
Bonnie,Frazier,bfrazier1f@nsw.gov.au,Roanoke,VA
John,Duncan,jduncan1g@hhs.gov,Bakersfield,CA
Willie,Coleman,wcoleman1h@nba.com,Spring Hill,FL
Rachel,Morgan,rmorgan1i@pinterest.com,Port Washington,NY
Joshua,Reid,jreid1j@jiathis.com,Saint Petersburg,FL
Patrick,Duncan,pduncan1k@uol.com.br,Columbus,OH
Kevin,Nelson,knelson1l@google.de,Las Vegas,NV
Debra,Hall,dhall1m@indiegogo.com,Hamilton,OH
Aaron,Burns,aburns1n@bizjournals.com,Corpus Christi,TX
Margaret,Montgomery,mmontgomery1o@spotify.com,Honolulu,HI
Joe,Johnston,jjohnston1p@dedecms.com,Springfield,IL
Helen,Perry,hperry1q@springer.com,Columbus,OH
Kelly,Ramirez,kramirez1r@e-recht24.de,Charlotte,NC
Jesse,Lynch,jlynch1s@ucsd.edu,Lexington,KY
Sharon,Cook,scook1t@archive.org,Detroit,MI
Anna,Wallace,awallace1u@nature.com,Van Nuys,CA
Edward,Bell,ebell1v@senate.gov,Memphis,TN
Johnny,Bailey,jbailey1w@instagram.com,Pensacola,FL
Michelle,Allen,mallen1x@admin.ch,San Diego,CA
Jimmy,Ellis,jellis1y@pbs.org,Louisville,KY
Phillip,Lawson,plawson1z@bandcamp.com,Richmond,VA
Virginia,Evans,vevans20@ezinearticles.com,Fort Worth,TX
Shirley,Kelley,skelley21@illinois.edu,Shawnee Mission,KS
Kathryn,Harvey,kharvey22@shinystat.com,Memphis,TN
Jane,Banks,jbanks23@cdc.gov,San Antonio,TX
Ruby,Garcia,rgarcia24@businesswire.com,Pittsburgh,PA
Bonnie,Medina,bmedina25@g.co,Greensboro,NC
Keith,Hernandez,khernandez26@pen.io,Bakersfield,CA
Jack,Armstrong,jarmstrong27@boston.com,Concord,CA
Melissa,Chapman,mchapman28@live.com,Cincinnati,OH
Marilyn,Welch,mwelch29@rakuten.co.jp,Cleveland,OH
Christine,Martinez,cmartinez2a@php.net,Hartford,CT
Lillian,Walker,lwalker2b@mozilla.com,Henderson,NV
Mark,Reed,mreed2c@cmu.edu,Philadelphia,PA
Terry,Simmons,tsimmons2d@mail.ru,Palm Bay,FL
Kathy,Chavez,kchavez2e@tumblr.com,Salt Lake City,UT
Lois,Brooks,lbrooks2f@biblegateway.com,Concord,CA
Donna,Ramirez,dramirez2g@hatena.ne.jp,Miami,FL
Andrew,Carroll,acarroll2h@1688.com,Carlsbad,CA
Cynthia,Perez,cperez2i@tmall.com,York,PA
Daniel,Palmer,dpalmer2j@instagram.com,Milwaukee,WI
Martin,Williamson,mwilliamson2k@bloomberg.com,Ogden,UT
Susan,Adams,sadams2l@msn.com,Raleigh,NC
Katherine,Gomez,kgomez2m@topsy.com,Washington,DC
Todd,Morales,tmorales2n@rakuten.co.jp,Monticello,MN
Juan,Lane,jlane2o@altervista.org,Memphis,TN
Carolyn,Palmer,cpalmer2p@wikipedia.org,Denver,CO
Amanda,Cole,acole2q@elpais.com,Orlando,FL
Lois,Moore,lmoore2r@cnet.com,San Jose,CA
Debra,Bennett,dbennett2s@twitter.com,Milwaukee,WI
Tina,Hernandez,thernandez2t@yellowpages.com,Nashville,TN
Russell,Romero,rromero2u@apache.org,Boston,MA
Dennis,Walker,dwalker2v@cdbaby.com,Ridgely,MD
Kathryn,Nelson,knelson2w@smugmug.com,Portland,ME
Joyce,Gonzalez,jgonzalez2x@hubpages.com,Philadelphia,PA
Matthew,Peterson,mpeterson2y@360.cn,Milwaukee,WI
Robin,Johnston,rjohnston2z@washington.edu,New York City,NY
Ashley,Chavez,achavez30@chronoengine.com,El Paso,TX
Brenda,Montgomery,bmontgomery31@upenn.edu,New Haven,CT
Emily,Cruz,ecruz32@webnode.com,Bradenton,FL
Adam,Kim,akim33@stanford.edu,Huntington Beach,CA
Dorothy,Walker,dwalker34@google.com,Kansas City,MO
Donna,Howard,dhoward35@ox.ac.uk,Pittsburgh,PA
Eric,Richardson,erichardson36@ihg.com,Des Moines,IA
Ashley,Nguyen,anguyen37@163.com,Waco,TX
Robin,Perry,rperry38@google.pl,Bowie,MD
Brandon,Davis,bdavis39@forbes.com,Pittsburgh,PA
Irene,Adams,iadams3a@sciencedirect.com,Orlando,FL
Christopher,Harris,charris3b@ustream.tv,Knoxville,TN
Theresa,Howell,thowell3c@purevolume.com,Miami,FL
Harold,Moore,hmoore3d@homestead.com,Plano,TX
Sara,Cruz,scruz3e@vistaprint.com,Boston,MA
Phyllis,Reid,preid3f@furl.net,Springfield,OH
Susan,Russell,srussell3g@virginia.edu,Rockville,MD
William,Oliver,woliver3h@ft.com,El Paso,TX
Mary,Wright,mwright3i@wikimedia.org,Cleveland,OH
Nicole,Wallace,nwallace3j@over-blog.com,El Paso,TX
Shawn,Martinez,smartinez3k@sitemeter.com,Durham,NC
Randy,Jackson,rjackson3l@soup.io,South Bend,IN
Judy,Mitchell,jmitchell3m@earthlink.net,Vienna,VA
Christine,Crawford,ccrawford3n@weebly.com,Cleveland,OH
Sharon,Nelson,snelson3o@indiatimes.com,Richmond,CA
Billy,Mendoza,bmendoza3p@wired.com,Chicago,IL
Nicole,Myers,nmyers3q@de.vu,Mobile,AL
Anthony,Torres,atorres3r@stanford.edu,Fort Wayne,IN
Catherine,Gibson,cgibson3s@taobao.com,Naples,FL
Martha,Marshall,mmarshall3t@exblog.jp,Midland,MI
Keith,Woods,kwoods3u@opensource.org,Santa Ana,CA
John,Simpson,jsimpson3v@photobucket.com,Youngstown,OH
Eric,Cooper,ecooper3w@mayoclinic.com,Boise,ID
Michael,Arnold,marnold3x@vkontakte.ru,Santa Monica,CA
Sarah,Thomas,sthomas3y@ycombinator.com,Salt Lake City,UT
Julia,Wallace,jwallace3z@ibm.com,Houston,TX
Scott,Lawrence,slawrence40@taobao.com,Kent,WA
Samuel,Hudson,shudson41@multiply.com,Waltham,MA
Doris,Smith,dsmith42@hostgator.com,Tempe,AZ
Adam,Hunt,ahunt43@house.gov,Atlanta,GA
Frank,Woods,fwoods44@technorati.com,Brooklyn,NY
Jose,Green,jgreen45@studiopress.com,Fort Pierce,FL
Keith,Evans,kevans46@army.mil,Seattle,WA
Tina,Butler,tbutler47@parallels.com,Omaha,NE
Billy,Torres,btorres48@twitter.com,Dallas,TX
Brenda,Coleman,bcoleman49@psu.edu,New York City,NY
Margaret,Bradley,mbradley4a@ihg.com,Hayward,CA
Rebecca,Ford,rford4b@ameblo.jp,Portland,OR
Benjamin,Bishop,bbishop4c@quantcast.com,Buffalo,NY
Virginia,Martinez,vmartinez4d@intel.com,Brea,CA
Deborah,Day,dday4e@last.fm,Pensacola,FL
Patrick,Russell,prussell4f@taobao.com,New York City,NY
Phyllis,Castillo,pcastillo4g@bigcartel.com,Washington,DC
Louis,Myers,lmyers4h@techcrunch.com,New Orleans,LA
Justin,Black,jblack4i@ucoz.com,Aiken,SC
Bobby,Franklin,bfranklin4j@upenn.edu,Washington,DC
Aaron,Perry,aperry4k@newyorker.com,Dallas,TX
Phillip,Patterson,ppatterson4l@technorati.com,Portland,OR
John,Garza,jgarza4m@studiopress.com,Lansing,MI
Andrew,Ferguson,aferguson4n@boston.com,Vero Beach,FL
Bruce,Henderson,bhenderson4o@usgs.gov,Mountain View,CA
Timothy,Edwards,tedwards4p@fc2.com,El Paso,TX
Richard,White,rwhite4q@gnu.org,Houston,TX
Michael,Hanson,mhanson4r@ehow.com,Phoenix,AZ
James,Perry,jperry4s@alexa.com,New Hyde Park,NY
Clarence,Myers,cmyers4t@theatlantic.com,Washington,DC
Henry,Butler,hbutler4u@reverbnation.com,Erie,PA
Patrick,Kim,pkim4v@prnewswire.com,Atlanta,GA
Beverly,Barnes,bbarnes4w@ebay.co.uk,Maple Plain,MN
Kevin,Dean,kdean4x@sohu.com,Pittsburgh,PA
Ronald,Richards,rrichards4y@wired.com,Springfield,IL
Thomas,Ryan,tryan4z@discovery.com,Savannah,GA
Kimberly,Olson,kolson50@japanpost.jp,Waco,TX
Randy,Morgan,rmorgan51@webs.com,Washington,DC
Cynthia,Long,clong52@elpais.com,Sarasota,FL
Scott,Harvey,sharvey53@lycos.com,Denver,CO
Susan,Evans,sevans54@bloglovin.com,Denver,CO
Frances,Bryant,fbryant55@ucoz.com,Charlotte,NC
Patricia,Dean,pdean56@flickr.com,Arlington,TX
Virginia,Cook,vcook57@cdbaby.com,Brooklyn,NY
Kelly,Grant,kgrant58@wikia.com,Rochester,NY
Gerald,Wallace,gwallace59@biglobe.ne.jp,San Bernardino,CA
Randy,Warren,rwarren5a@imgur.com,San Diego,CA
Maria,Andrews,mandrews5b@spotify.com,Sioux City,IA
Evelyn,Ortiz,eortiz5c@trellian.com,Pensacola,FL
Andrew,Woods,awoods5d@intel.com,Cincinnati,OH
Eric,Larson,elarson5e@blogs.com,Portland,OR
Kenneth,Reid,kreid5f@ifeng.com,Worcester,MA
Raymond,Fox,rfox5g@cnn.com,Huntsville,AL
Angela,Hunt,ahunt5h@goo.ne.jp,Washington,DC
Phillip,Perry,pperry5i@skyrock.com,Amarillo,TX
Willie,Howard,whoward5j@zimbio.com,Wilkes Barre,PA
Paul,Cooper,pcooper5k@techcrunch.com,Kansas City,MO
Ronald,Gibson,rgibson5l@topsy.com,San Antonio,TX
Johnny,Wells,jwells5m@spotify.com,Denver,CO
Raymond,Armstrong,rarmstrong5n@epa.gov,Minneapolis,MN
Jesse,Marshall,jmarshall5o@marketwatch.com,Santa Barbara,CA
Annie,Diaz,adiaz5p@yale.edu,San Antonio,TX
Michelle,Gomez,mgomez5q@globo.com,Atlanta,GA
Barbara,Perkins,bperkins5r@oaic.gov.au,Birmingham,AL
Andrew,Phillips,aphillips5s@usda.gov,Amarillo,TX
Justin,Greene,jgreene5t@alexa.com,Scottsdale,AZ
Alan,Parker,aparker5u@squidoo.com,Galveston,TX
Frances,Castillo,fcastillo5v@hhs.gov,Seminole,FL
Martin,Turner,mturner5w@stumbleupon.com,Iowa City,IA
Stephen,Garrett,sgarrett5x@ycombinator.com,Young America,MN
Randy,Simpson,rsimpson5y@bloglines.com,Washington,DC
Deborah,Bennett,dbennett5z@blog.com,Montgomery,AL
Howard,Mason,hmason60@istockphoto.com,Beaumont,TX
Ernest,Tucker,etucker61@cam.ac.uk,Hartford,CT
Philip,Martinez,pmartinez62@ifeng.com,Charlotte,NC
Louis,Hill,lhill63@tuttocitta.it,West Palm Beach,FL
Jeremy,Ruiz,jruiz64@auda.org.au,Evansville,IN
Barbara,Montgomery,bmontgomery65@taobao.com,Philadelphia,PA
Earl,Sanders,esanders66@foxnews.com,Lakeland,FL
Wanda,Reynolds,wreynolds67@xrea.com,Boise,ID
Billy,Woods,bwoods68@google.cn,Dayton,OH
Stephanie,Sims,ssims69@bbc.co.uk,Sunnyvale,CA
Julie,Garza,jgarza6a@mashable.com,El Paso,TX
Walter,Martinez,wmartinez6b@about.me,San Jose,CA
Ryan,Chavez,rchavez6c@networksolutions.com,Pittsburgh,PA
Diana,Robinson,drobinson6d@e-recht24.de,Tacoma,WA
Todd,Hanson,thanson6e@nasa.gov,Brea,CA
George,Vasquez,gvasquez6f@amazon.de,Los Angeles,CA
Sara,Howell,showell6g@merriam-webster.com,Springfield,VA
Carol,Mitchell,cmitchell6h@a8.net,El Paso,TX
Julia,Allen,jallen6i@hud.gov,Bozeman,MT
Jason,Carr,jcarr6j@japanpost.jp,Sacramento,CA
Jessica,Hart,jhart6k@npr.org,Greensboro,NC
Frank,Roberts,froberts6l@tripod.com,Visalia,CA
Peter,King,pking6m@naver.com,Wilkes Barre,PA
Clarence,Gonzalez,cgonzalez6n@springer.com,Beaufort,SC
Peter,Sanders,psanders6o@va.gov,Topeka,KS
Rachel,Lee,rlee6p@opensource.org,Corpus Christi,TX
Daniel,Hudson,dhudson6q@cpanel.net,Baton Rouge,LA
Matthew,Miller,mmiller6r@tripod.com,Evansville,IN
Lori,Ross,lross6s@bbc.co.uk,Waco,TX
Ralph,Ortiz,rortiz6t@mapquest.com,Rochester,NY
Joan,Myers,jmyers6u@instagram.com,Shreveport,LA
Wayne,Reyes,wreyes6v@oracle.com,Tucson,AZ
Tammy,Harvey,tharvey6w@purevolume.com,Lansing,MI
Amanda,Perry,aperry6x@reddit.com,San Diego,CA
Janice,Lawson,jlawson6y@cpanel.net,Edmond,OK
Gregory,Day,gday6z@goo.gl,Greenville,SC
Mark,Riley,mriley70@tripadvisor.com,Chicago,IL
Linda,Smith,lsmith71@typepad.com,Topeka,KS
Barbara,Carpenter,bcarpenter72@msu.edu,Richmond,VA
Dennis,Robertson,drobertson73@cdbaby.com,Eugene,OR
Willie,Morgan,wmorgan74@shinystat.com,Littleton,CO
Judith,West,jwest75@examiner.com,Farmington,MI
Andrew,Hansen,ahansen76@loc.gov,El Paso,TX
Gregory,Young,gyoung77@fc2.com,Denver,CO
Lawrence,Myers,lmyers78@hc360.com,Dallas,TX
Jesse,Olson,jolson79@eepurl.com,Paterson,NJ
Carl,Banks,cbanks7a@privacy.gov.au,New York City,NY
David,Garrett,dgarrett7b@e-recht24.de,Appleton,WI
Jimmy,Webb,jwebb7c@phpbb.com,Los Angeles,CA
Joseph,Nguyen,jnguyen7d@t.co,Lynchburg,VA
Joe,Myers,jmyers7e@si.edu,Durham,NC
Carlos,Rice,crice7f@alexa.com,Denver,CO
Phillip,Bradley,pbradley7g@ted.com,Cincinnati,OH
Jennifer,Collins,jcollins7h@reddit.com,Atlanta,GA
Heather,Fields,hfields7i@disqus.com,Montpelier,VT
Albert,Knight,aknight7j@smugmug.com,Spokane,WA
Kathryn,Lewis,klewis7k@earthlink.net,Port Saint Lucie,FL
Stephen,Parker,sparker7l@cnet.com,Cincinnati,OH
Kimberly,Davis,kdavis7m@marriott.com,Denver,CO
Joe,Wallace,jwallace7n@virginia.edu,Saint Paul,MN
Jean,Perry,jperry7o@multiply.com,New York City,NY
Laura,Ruiz,lruiz7p@mysql.com,Huntsville,AL
Lisa,Rodriguez,lrodriguez7q@123-reg.co.uk,Newark,NJ
Judy,Frazier,jfrazier7r@blogs.com,Kansas City,MO
Irene,Castillo,icastillo7s@ox.ac.uk,Honolulu,HI
Robin,Austin,raustin7t@amazon.com,Brooklyn,NY
Lori,Parker,lparker7u@ox.ac.uk,Knoxville,TN
Virginia,Turner,vturner7v@amazonaws.com,Atlanta,GA
Brandon,Harvey,bharvey7w@cisco.com,Washington,DC
Jeremy,Patterson,jpatterson7x@google.co.jp,San Jose,CA
Kathryn,Chavez,kchavez7y@usnews.com,Spokane,WA
Carolyn,Stephens,cstephens7z@taobao.com,Jacksonville,FL
Steven,Coleman,scoleman80@nature.com,Fresno,CA
Kathryn,Cruz,kcruz81@fotki.com,Lexington,KY
Jessica,Owens,jowens82@timesonline.co.uk,Oklahoma City,OK
Harry,Webb,hwebb83@com.com,San Diego,CA
Joan,Hart,jhart84@adobe.com,Austin,TX
Bruce,Morris,bmorris85@51.la,San Jose,CA
Lillian,Phillips,lphillips86@blogs.com,Lansing,MI
Kathryn,Gomez,kgomez87@desdev.cn,Richmond,VA
Cynthia,Dunn,cdunn88@ask.com,Toledo,OH
Juan,Ray,jray89@nytimes.com,Santa Monica,CA
Larry,Gardner,lgardner8a@free.fr,Denver,CO
Louis,Diaz,ldiaz8b@fda.gov,Independence,MO
Jeffrey,Frazier,jfrazier8c@jalbum.net,New York City,NY
Ashley,Schmidt,aschmidt8d@answers.com,Fort Lauderdale,FL
Albert,Nelson,anelson8e@census.gov,Houston,TX
Diane,Mason,dmason8f@bandcamp.com,Ocala,FL
Justin,Young,jyoung8g@patch.com,Lexington,KY
Craig,Bennett,cbennett8h@deliciousdays.com,El Paso,TX
Kimberly,Griffin,kgriffin8i@nbcnews.com,Arlington,TX
Jesse,Allen,jallen8j@mediafire.com,Brooklyn,NY
Phyllis,Edwards,pedwards8k@washingtonpost.com,Columbus,OH
Charles,Hamilton,chamilton8l@networkadvertising.org,Tyler,TX
Louis,Morrison,lmorrison8m@mediafire.com,Dallas,TX
Anne,Young,ayoung8n@github.io,Los Angeles,CA
Angela,King,aking8o@ebay.com,Paterson,NJ
Scott,Foster,sfoster8p@ameblo.jp,Albuquerque,NM
Doris,Kim,dkim8q@simplemachines.org,Tacoma,WA
Victor,Walker,vwalker8r@github.io,Providence,RI
Tammy,Andrews,tandrews8s@skyrock.com,Pittsburgh,PA
Jean,Stevens,jstevens8t@altervista.org,Brooklyn,NY
Michael,Cooper,mcooper8u@ucsd.edu,Dallas,TX
Andrew,Romero,aromero8v@jimdo.com,Indianapolis,IN
Johnny,Hawkins,jhawkins8w@youtu.be,Salem,OR
Marie,Ryan,mryan8x@nyu.edu,Pensacola,FL
Annie,Larson,alarson8y@guardian.co.uk,Washington,DC
William,Hicks,whicks8z@bigcartel.com,Largo,FL
Sean,Kelly,skelly90@google.com.hk,Rochester,NY
Terry,Fields,tfields91@google.com,Pensacola,FL
Ann,Johnson,ajohnson92@answers.com,Richmond,VA
Carl,Elliott,celliott93@amazon.co.jp,Salt Lake City,UT
Billy,Jacobs,bjacobs94@theatlantic.com,Jacksonville,FL
Betty,Gonzalez,bgonzalez95@blogspot.com,Philadelphia,PA
John,Lynch,jlynch96@howstuffworks.com,Colorado Springs,CO
Denise,Cunningham,dcunningham97@multiply.com,Boise,ID
Louis,Fisher,lfisher98@linkedin.com,Memphis,TN
Lois,Daniels,ldaniels99@yandex.ru,Lakewood,WA
Jose,Shaw,jshaw9a@washingtonpost.com,Boston,MA
Mary,Ellis,mellis9b@noaa.gov,Washington,DC
Rachel,Bowman,rbowman9c@jalbum.net,Pensacola,FL
Adam,Reed,areed9d@diigo.com,Berkeley,CA
Timothy,Taylor,ttaylor9e@joomla.org,Santa Cruz,CA
Phyllis,Mccoy,pmccoy9f@feedburner.com,Austin,TX
Brenda,Reyes,breyes9g@reuters.com,Atlanta,GA
Joe,Lopez,jlopez9h@nps.gov,Amarillo,TX
William,Hawkins,whawkins9i@auda.org.au,Decatur,GA
Donna,Barnes,dbarnes9j@ustream.tv,Santa Barbara,CA
Terry,Evans,tevans9k@un.org,Killeen,TX
Harry,Richards,hrichards9l@opensource.org,Zephyrhills,FL
Michelle,Spencer,mspencer9m@nba.com,Memphis,TN
Deborah,Harvey,dharvey9n@flavors.me,Lansing,MI
Sean,Carter,scarter9o@scientificamerican.com,Lexington,KY
Antonio,Alvarez,aalvarez9p@samsung.com,Greenville,SC
Christine,Gonzales,cgonzales9q@tinypic.com,Jacksonville,FL
Christopher,Jacobs,cjacobs9r@xrea.com,Hartford,CT
Brian,Oliver,boliver9s@marriott.com,Tucson,AZ
Jesse,Carter,jcarter9t@dion.ne.jp,Nashville,TN
Kelly,Reynolds,kreynolds9u@marriott.com,Gadsden,AL
Gregory,Rivera,grivera9v@vk.com,Lawrenceville,GA
Gerald,Jackson,gjackson9w@squidoo.com,Honolulu,HI
Adam,Long,along9x@uol.com.br,Houston,TX
Susan,Ruiz,sruiz9y@xing.com,Shreveport,LA
Lawrence,Edwards,ledwards9z@symantec.com,Duluth,GA
Joyce,Shaw,jshawa0@technorati.com,Ocala,FL
Diana,Hart,dharta1@barnesandnoble.com,Norfolk,VA
Heather,Oliver,holivera2@time.com,Vancouver,WA
Clarence,Washington,cwashingtona3@wisc.edu,Knoxville,TN
Michael,Cunningham,mcunninghama4@sciencedaily.com,Ridgely,MD
Jeffrey,Scott,jscotta5@craigslist.org,Salt Lake City,UT
Ruth,Myers,rmyersa6@about.com,Rochester,NY
Norma,Olson,nolsona7@google.com.br,Seattle,WA
Mark,Berry,mberrya8@wix.com,Milwaukee,WI
Billy,Woods,bwoodsa9@ebay.com,Washington,DC
Edward,Kelly,ekellyaa@wix.com,Austin,TX
Joan,Wood,jwoodab@digg.com,Long Beach,CA
Charles,Jackson,cjacksonac@google.es,New Hyde Park,NY
Sandra,Fowler,sfowlerad@aboutads.info,Syracuse,NY
Alan,Webb,awebbae@webnode.com,Springfield,MO
Jason,Pierce,jpierceaf@shop-pro.jp,Chicago,IL
Billy,Hunter,bhunterag@t-online.de,Houston,TX
Jean,Bishop,jbishopah@ftc.gov,Flint,MI
Bobby,Berry,bberryai@sohu.com,North Little Rock,AR
Jessica,Mitchell,jmitchellaj@newsvine.com,Fort Wayne,IN
Steve,Chapman,schapmanak@360.cn,Charlotte,NC
Chris,Gutierrez,cgutierrezal@bluehost.com,Anderson,SC
Jeremy,Gordon,jgordonam@sogou.com,Columbus,OH
Debra,Henry,dhenryan@bloglovin.com,Chicago,IL
Robert,Kim,rkimao@timesonline.co.uk,Southfield,MI
Daniel,Hunt,dhuntap@pagesperso-orange.fr,Paterson,NJ
Sean,James,sjamesaq@stumbleupon.com,Dallas,TX
Antonio,Lawson,alawsonar@paginegialle.it,Corpus Christi,TX
Rose,Bowman,rbowmanas@indiegogo.com,North Port,FL
Sean,Stewart,sstewartat@aboutads.info,Cincinnati,OH
Deborah,Johnston,djohnstonau@gov.uk,Louisville,KY
Jean,Gomez,jgomezav@angelfire.com,Boston,MA
Doris,Perkins,dperkinsaw@zdnet.com,Toledo,OH
Jonathan,Powell,jpowellax@diigo.com,Eugene,OR
Deborah,Reid,dreiday@npr.org,Pittsburgh,PA
Alan,Reynolds,areynoldsaz@lycos.com,Athens,GA
Willie,Fox,wfoxb0@sina.com.cn,Newark,NJ
John,Sanders,jsandersb1@google.it,Brooksville,FL
Ralph,Martin,rmartinb2@usatoday.com,East Saint Louis,IL
Craig,Watkins,cwatkinsb3@state.gov,Delray Beach,FL
Margaret,Carpenter,mcarpenterb4@mail.ru,Tampa,FL
Billy,Cook,bcookb5@yolasite.com,El Paso,TX
Clarence,Ford,cfordb6@auda.org.au,Saint Louis,MO
Richard,Frazier,rfrazierb7@techcrunch.com,Tampa,FL
Irene,Lane,ilaneb8@hubpages.com,Clearwater,FL
Roger,Fowler,rfowlerb9@woothemes.com,Philadelphia,PA
Deborah,Johnston,djohnstonba@google.com,Oklahoma City,OK
Fred,Warren,fwarrenbb@weibo.com,Lafayette,LA
Joyce,Kennedy,jkennedybc@icio.us,Fresno,CA
Russell,Matthews,rmatthewsbd@printfriendly.com,Trenton,NJ
Edward,Evans,eevansbe@canalblog.com,Arlington,TX
Paul,Adams,padamsbf@imdb.com,Austin,TX
Antonio,Dean,adeanbg@techcrunch.com,Topeka,KS
Roy,Marshall,rmarshallbh@berkeley.edu,Knoxville,TN
Arthur,Ferguson,afergusonbi@sphinn.com,Roanoke,VA
Scott,Peters,spetersbj@simplemachines.org,North Port,FL
Jose,Carpenter,jcarpenterbk@slideshare.net,Cumming,GA
Judith,Grant,jgrantbl@i2i.jp,Dallas,TX
Randy,Hunter,rhunterbm@indiatimes.com,Dallas,TX
Evelyn,Anderson,eandersonbn@china.com.cn,Washington,DC
Michael,Murphy,mmurphybo@jimdo.com,Norman,OK
Christopher,Holmes,cholmesbp@histats.com,Portland,OR
Billy,Kennedy,bkennedybq@canalblog.com,Philadelphia,PA
Karen,Frazier,kfrazierbr@si.edu,Milwaukee,WI
Walter,Adams,wadamsbs@youtu.be,Paterson,NJ
Walter,Butler,wbutlerbt@answers.com,Amarillo,TX
Dennis,Cole,dcolebu@amazon.de,Houston,TX
Nicholas,Simmons,nsimmonsbv@nyu.edu,Reston,VA
Samuel,Harrison,sharrisonbw@nasa.gov,Cincinnati,OH
Ralph,Alvarez,ralvarezbx@nbcnews.com,Los Angeles,CA
Fred,Ray,frayby@baidu.com,Jefferson City,MO
Ralph,Foster,rfosterbz@feedburner.com,College Station,TX
Paula,Howard,phowardc0@disqus.com,Chandler,AZ
Gerald,Montgomery,gmontgomeryc1@theglobeandmail.com,Schenectady,NY
Irene,Miller,imillerc2@google.it,New Brunswick,NJ
Bruce,Chapman,bchapmanc3@typepad.com,Tempe,AZ
Sarah,Cruz,scruzc4@noaa.gov,Norfolk,VA
Michelle,Larson,mlarsonc5@diigo.com,Tacoma,WA
Stephen,Greene,sgreenec6@pagesperso-orange.fr,Orlando,FL
Justin,Ward,jwardc7@blogger.com,Richmond,VA
Alice,Phillips,aphillipsc8@go.com,Washington,DC
Earl,Wells,ewellsc9@umich.edu,Raleigh,NC
Carl,Harrison,charrisonca@csmonitor.com,Duluth,GA
Wanda,Dunn,wdunncb@instagram.com,Honolulu,HI
Lori,Lewis,llewiscc@nifty.com,Winston Salem,NC
Carlos,Larson,clarsoncd@typepad.com,Denver,CO
Carlos,Bishop,cbishopce@sina.com.cn,Las Vegas,NV
Ryan,Ramos,rramoscf@domainmarket.com,Chicago,IL
Evelyn,Murphy,emurphycg@imdb.com,Pocatello,ID
Sandra,Robertson,srobertsonch@wikimedia.org,Washington,DC
Nicole,Myers,nmyersci@free.fr,Charlotte,NC
Nicole,Coleman,ncolemancj@alibaba.com,Arlington,TX
Walter,Rodriguez,wrodriguezck@fastcompany.com,New York City,NY
Judy,Howard,jhowardcl@xinhuanet.com,Pittsburgh,PA
Terry,Stone,tstonecm@infoseek.co.jp,Miami,FL
Julie,Brooks,jbrookscn@sohu.com,Tuscaloosa,AL
Kathryn,Peterson,kpetersonco@imageshack.us,Rochester,NY
Cynthia,Marshall,cmarshallcp@xing.com,San Francisco,CA
Gloria,Powell,gpowellcq@a8.net,Tampa,FL
Debra,George,dgeorgecr@is.gd,Elmira,NY
Dorothy,Simpson,dsimpsoncs@linkedin.com,Cincinnati,OH
Benjamin,Henderson,bhendersonct@opera.com,Jacksonville,FL
Janet,Peters,jpeterscu@house.gov,Sacramento,CA
Lisa,Nelson,lnelsoncv@surveymonkey.com,Sioux Falls,SD
Sandra,Lawson,slawsoncw@eepurl.com,Des Moines,IA
Juan,Sullivan,jsullivancx@gizmodo.com,Denton,TX
Susan,Thompson,sthompsoncy@so-net.ne.jp,Irvine,CA
Ronald,Stanley,rstanleycz@google.ca,Ogden,UT
Jessica,Duncan,jduncand0@ebay.co.uk,San Antonio,TX
William,Nichols,wnicholsd1@vimeo.com,Miami,FL
Martha,Larson,mlarsond2@soundcloud.com,Nashville,TN
Rachel,Cox,rcoxd3@chronoengine.com,Bismarck,ND
Aaron,Price,apriced4@wikipedia.org,Saint Petersburg,FL
Denise,Fox,dfoxd5@t.co,Harrisburg,PA
Peter,Gonzales,pgonzalesd6@opera.com,Charleston,SC
Jacqueline,West,jwestd7@sphinn.com,Madison,WI
Marilyn,Berry,mberryd8@wix.com,Berkeley,CA
Judith,Gibson,jgibsond9@hatena.ne.jp,Laredo,TX
David,Patterson,dpattersonda@posterous.com,Philadelphia,PA
Phillip,Lane,planedb@marriott.com,Charlottesville,VA
Doris,Henderson,dhendersondc@hexun.com,Fort Smith,AR
Peter,Reynolds,preynoldsdd@istockphoto.com,Gastonia,NC
Harold,Lawson,hlawsonde@istockphoto.com,Los Angeles,CA
Donald,Simmons,dsimmonsdf@nationalgeographic.com,Charlotte,NC
Anne,Sanders,asandersdg@unblog.fr,Terre Haute,IN
Julie,Gilbert,jgilbertdh@netscape.com,Washington,DC
Janet,Ortiz,jortizdi@ebay.co.uk,Toledo,OH
Sarah,Moore,smooredj@noaa.gov,San Antonio,TX
Nancy,Patterson,npattersondk@twitpic.com,Winston Salem,NC
Douglas,Gilbert,dgilbertdl@census.gov,New Orleans,LA
Bonnie,Crawford,bcrawforddm@prweb.com,North Hollywood,CA
Lawrence,Parker,lparkerdn@feedburner.com,Phoenix,AZ
Stephen,Webb,swebbdo@paginegialle.it,Lakewood,WA
Harry,Schmidt,hschmidtdp@tmall.com,Tulsa,OK
Helen,Robinson,hrobinsondq@yandex.ru,Glendale,CA
Marie,Walker,mwalkerdr@taobao.com,South Bend,IN
Alice,Burns,aburnsds@ihg.com,Portsmouth,VA
Janice,Frazier,jfrazierdt@e-recht24.de,Pasadena,CA
Scott,Torres,storresdu@usa.gov,Austin,TX
Sarah,Bennett,sbennettdv@cdc.gov,Columbus,OH
Amanda,Lawson,alawsondw@google.pl,Portland,OR
Bobby,Harris,bharrisdx@marketwatch.com,Lexington,KY
Carol,Stephens,cstephensdy@state.gov,Fort Worth,TX
Christine,Carroll,ccarrolldz@newyorker.com,Philadelphia,PA
Mark,Little,mlittlee0@marriott.com,Washington,DC
Christopher,Bailey,cbaileye1@pinterest.com,Grand Rapids,MI
Nicholas,King,nkinge2@cnet.com,Fort Wayne,IN
Joshua,Pierce,jpiercee3@un.org,West Palm Beach,FL
Betty,Johnson,bjohnsone4@instagram.com,Hattiesburg,MS
Charles,Gray,cgraye5@linkedin.com,Silver Spring,MD
Jeffrey,Howell,jhowelle6@bloglovin.com,Reston,VA
Margaret,Little,mlittlee7@state.gov,New York City,NY
Clarence,Thomas,cthomase8@slashdot.org,Melbourne,FL
Virginia,Phillips,vphillipse9@nature.com,San Jose,CA
Dorothy,Matthews,dmatthewsea@google.it,Rochester,NY
Rebecca,Ferguson,rfergusoneb@domainmarket.com,Crawfordsville,IN
Rebecca,Long,rlongec@bbb.org,Nashville,TN
Joseph,King,jkinged@usgs.gov,Springfield,IL
Brenda,Kim,bkimee@examiner.com,Melbourne,FL
Willie,Phillips,wphillipsef@sohu.com,Springfield,VA
Bonnie,Bradley,bbradleyeg@biglobe.ne.jp,Glendale,CA
Lillian,Myers,lmyerseh@topsy.com,Colorado Springs,CO
Peter,Greene,pgreeneei@mayoclinic.com,Houston,TX
Steve,Reynolds,sreynoldsej@census.gov,Washington,DC
Margaret,Ortiz,mortizek@vistaprint.com,Wilmington,NC
Carlos,Carter,ccarterel@vistaprint.com,New Orleans,LA
Sara,Rose,sroseem@godaddy.com,Toledo,OH
Jose,Gardner,jgardneren@multiply.com,Louisville,KY
Helen,Boyd,hboydeo@histats.com,Trenton,NJ
Carlos,Reyes,creyesep@prnewswire.com,Bakersfield,CA
Joan,Oliver,jolivereq@samsung.com,Lansing,MI
Patrick,Torres,ptorreser@topsy.com,Fort Worth,TX
Rachel,Fox,rfoxes@wikipedia.org,Charlottesville,VA
Cynthia,Tucker,ctuckeret@booking.com,Salt Lake City,UT
Richard,Hernandez,rhernandezeu@soup.io,New York City,NY
Amy,Parker,aparkerev@mit.edu,Cincinnati,OH
Ryan,Harrison,rharrisonew@purevolume.com,Dallas,TX
Lois,Howell,lhowellex@aboutads.info,Fort Wayne,IN
Jack,Griffin,jgriffiney@unesco.org,Washington,DC
Lois,Larson,llarsonez@soundcloud.com,Tuscaloosa,AL
Diane,Mendoza,dmendozaf0@ameblo.jp,Salt Lake City,UT
Harold,Mccoy,hmccoyf1@cafepress.com,Pittsburgh,PA
Todd,Ramirez,tramirezf2@ucoz.ru,Kansas City,MO
Juan,Price,jpricef3@privacy.gov.au,Hollywood,FL
Nancy,Spencer,nspencerf4@people.com.cn,Madison,WI
Judy,Duncan,jduncanf5@mozilla.org,San Francisco,CA
Jean,Martin,jmartinf6@reverbnation.com,Silver Spring,MD
Randy,Dean,rdeanf7@paginegialle.it,Des Moines,IA
Janice,Thompson,jthompsonf8@google.com,Corpus Christi,TX
Sarah,Wheeler,swheelerf9@goodreads.com,Madison,WI
Sara,Davis,sdavisfa@tinyurl.com,Wilmington,DE
Dorothy,Ferguson,dfergusonfb@auda.org.au,Lexington,KY
Beverly,Ray,brayfc@goo.ne.jp,Orlando,FL
Barbara,Arnold,barnoldfd@japanpost.jp,Houston,TX
Melissa,Reed,mreedfe@msn.com,Greensboro,NC
Edward,Bishop,ebishopff@webmd.com,Norfolk,VA
Fred,Fox,ffoxfg@is.gd,Fort Wayne,IN
Nancy,Chapman,nchapmanfh@slashdot.org,Herndon,VA
George,Crawford,gcrawfordfi@wikipedia.org,Whittier,CA
Andrea,Shaw,ashawfj@vkontakte.ru,San Diego,CA
Pamela,Martin,pmartinfk@bigcartel.com,Albuquerque,NM
Adam,Bryant,abryantfl@booking.com,Rockville,MD
Scott,Harrison,sharrisonfm@gravatar.com,Flint,MI
Eric,Coleman,ecolemanfn@jigsy.com,Tulsa,OK
Melissa,Taylor,mtaylorfo@youtube.com,Riverside,CA
Mildred,Gray,mgrayfp@topsy.com,Kansas City,MO
Catherine,Cook,ccookfq@chicagotribune.com,Pinellas Park,FL
Alan,Day,adayfr@eepurl.com,Fort Worth,TX
Marilyn,Gomez,mgomezfs@surveymonkey.com,Tampa,FL
Christina,Myers,cmyersft@tmall.com,Richmond,VA
Rose,Long,rlongfu@angelfire.com,Flint,MI
Joan,Williamson,jwilliamsonfv@addtoany.com,Milwaukee,WI
Rebecca,Bowman,rbowmanfw@shop-pro.jp,Seattle,WA
Samuel,Ramos,sramosfx@si.edu,Jackson,MS
Jonathan,Hicks,jhicksfy@yale.edu,Brooklyn,NY
Marie,Lane,mlanefz@buzzfeed.com,El Paso,TX
Phillip,Davis,pdavisg0@theguardian.com,El Paso,TX
Frances,Perez,fperezg1@latimes.com,El Paso,TX
Doris,Thompson,dthompsong2@topsy.com,Dallas,TX
Debra,Ward,dwardg3@admin.ch,El Paso,TX
Tina,Bradley,tbradleyg4@last.fm,Garden Grove,CA
Johnny,Perkins,jperkinsg5@whitehouse.gov,Orlando,FL
Angela,Ross,arossg6@homestead.com,San Francisco,CA
Daniel,Morales,dmoralesg7@cnbc.com,Richmond,VA
Andrea,Lynch,alynchg8@usa.gov,Reno,NV
Ashley,Knight,aknightg9@constantcontact.com,Gainesville,FL
Kelly,Stewart,kstewartga@earthlink.net,Colorado Springs,CO
Evelyn,Collins,ecollinsgb@cornell.edu,Arlington,VA
Johnny,Jacobs,jjacobsgc@jiathis.com,Pensacola,FL
Ruth,Crawford,rcrawfordgd@dyndns.org,Miami,FL
Mildred,Wagner,mwagnerge@flickr.com,Winston Salem,NC
Robin,Reynolds,rreynoldsgf@diigo.com,Nashville,TN
Frances,Watson,fwatsongg@umich.edu,Loretto,MN
Chris,Scott,cscottgh@disqus.com,Chattanooga,TN
Carolyn,Wood,cwoodgi@un.org,Baltimore,MD
Kenneth,Smith,ksmithgj@ocn.ne.jp,Sacramento,CA
Diane,Ward,dwardgk@chron.com,Madison,WI
Kenneth,Shaw,kshawgl@mail.ru,Montgomery,AL
George,Torres,gtorresgm@vimeo.com,Tucson,AZ
Donna,Nguyen,dnguyengn@marketwatch.com,Oklahoma City,OK
Lillian,Shaw,lshawgo@nydailynews.com,Syracuse,NY
Steve,Willis,swillisgp@so-net.ne.jp,Portland,OR
Victor,Bailey,vbaileygq@aboutads.info,Washington,DC
Robert,Fields,rfieldsgr@usatoday.com,Stockton,CA
Bruce,Burns,bburnsgs@miitbeian.gov.cn,Richmond,VA
Carol,Frazier,cfraziergt@cpanel.net,Appleton,WI
Eric,Wood,ewoodgu@amazon.com,Sacramento,CA
Steven,Fernandez,sfernandezgv@pbs.org,Tempe,AZ
Fred,Andrews,fandrewsgw@prnewswire.com,Austin,TX
Ann,Nichols,anicholsgx@ftc.gov,Saginaw,MI
Elizabeth,Hayes,ehayesgy@tinypic.com,Topeka,KS
Diana,Williamson,dwilliamsongz@reuters.com,El Paso,TX
Alan,Sanders,asandersh0@people.com.cn,Lincoln,NE
Catherine,Day,cdayh1@multiply.com,Flint,MI
Jerry,Torres,jtorresh2@de.vu,Colorado Springs,CO
Brandon,Edwards,bedwardsh3@weibo.com,Shreveport,LA
Jonathan,Flores,jfloresh4@nyu.edu,Arlington,VA
Frances,Richards,frichardsh5@yale.edu,Suffolk,VA
Laura,Harrison,lharrisonh6@house.gov,Huntington,WV
Louis,Washington,lwashingtonh7@oracle.com,Colorado Springs,CO
James,Bell,jbellh8@nps.gov,Sacramento,CA
Christopher,Parker,cparkerh9@buzzfeed.com,Winter Haven,FL
Albert,Cole,acoleha@psu.edu,Gatesville,TX
George,Gonzales,ggonzaleshb@lulu.com,Sarasota,FL
Peter,Marshall,pmarshallhc@ft.com,Modesto,CA
Thomas,Larson,tlarsonhd@latimes.com,Dayton,OH
Peter,Banks,pbankshe@scientificamerican.com,Amarillo,TX
Michelle,Jenkins,mjenkinshf@diigo.com,Bronx,NY
Stephanie,Little,slittlehg@blogs.com,Charlotte,NC
Marie,Cunningham,mcunninghamhh@altervista.org,East Saint Louis,IL
Amanda,Murphy,amurphyhi@livejournal.com,Sacramento,CA
Christina,Gray,cgrayhj@homestead.com,Santa Fe,NM
Billy,Torres,btorreshk@mozilla.org,Oakland,CA
Judith,Hayes,jhayeshl@studiopress.com,Kansas City,MO
Keith,Sanders,ksandershm@tmall.com,Nashville,TN
Albert,Willis,awillishn@4shared.com,Buffalo,NY
Kelly,Rogers,krogersho@jugem.jp,Charlotte,NC
Robin,Tucker,rtuckerhp@is.gd,El Paso,TX
Rachel,Ray,rrayhq@whitehouse.gov,Fayetteville,NC
Gary,Vasquez,gvasquezhr@sciencedirect.com,Salt Lake City,UT
Eric,Perry,eperryhs@google.co.uk,San Antonio,TX
Mark,Elliott,melliottht@mlb.com,Peoria,IL
Jean,Perkins,jperkinshu@lycos.com,Dayton,OH
Ralph,Mason,rmasonhv@tuttocitta.it,Brooksville,FL
Judy,Palmer,jpalmerhw@edublogs.org,Springfield,IL
Johnny,Knight,jknighthx@yolasite.com,Charleston,WV
Irene,Ramos,iramoshy@lulu.com,Lexington,KY
Wayne,Lopez,wlopezhz@bbb.org,Los Angeles,CA
Gary,Murphy,gmurphyi0@symantec.com,Simi Valley,CA
Edward,Cox,ecoxi1@latimes.com,Irvine,CA
Nicole,Reid,nreidi2@nydailynews.com,Dallas,TX
David,Lee,dleei3@phpbb.com,Albany,NY
Antonio,Hayes,ahayesi4@geocities.com,Las Vegas,NV
Aaron,Boyd,aboydi5@blogspot.com,Monroe,LA
Phyllis,Romero,promeroi6@purevolume.com,Washington,DC
Julia,Lawson,jlawsoni7@over-blog.com,Charlotte,NC
Sandra,Castillo,scastilloi8@moonfruit.com,Naples,FL
Chris,Lawson,clawsoni9@youtu.be,Seattle,WA
Jean,Murray,jmurrayia@4shared.com,Denver,CO
Anna,Burton,aburtonib@posterous.com,Pomona,CA
Robin,Richardson,rrichardsonic@exblog.jp,Maple Plain,MN
Daniel,Russell,drussellid@xrea.com,Sacramento,CA
Virginia,Smith,vsmithie@feedburner.com,Las Vegas,NV
Rachel,Duncan,rduncanif@freewebs.com,Fresno,CA
Sandra,Jones,sjonesig@ehow.com,Seattle,WA
Peter,Barnes,pbarnesih@discovery.com,Sacramento,CA
Irene,Wallace,iwallaceii@adobe.com,Riverside,CA
Edward,Ward,ewardij@usatoday.com,Jacksonville,FL
Diana,Scott,dscottik@nytimes.com,San Francisco,CA
Annie,Ortiz,aortizil@php.net,Phoenix,AZ
Lillian,Alvarez,lalvarezim@mozilla.org,Washington,DC
Adam,Cruz,acruzin@unc.edu,Wilmington,DE
Justin,Greene,jgreeneio@woothemes.com,Alexandria,VA
Diane,Murray,dmurrayip@nytimes.com,Petaluma,CA
Anne,Davis,adavisiq@geocities.jp,Houston,TX
Timothy,Carpenter,tcarpenterir@nhs.uk,Denver,CO
Rose,Burns,rburnsis@ameblo.jp,Orlando,FL
Frances,Jacobs,fjacobsit@icq.com,Pasadena,CA
Alan,Chapman,achapmaniu@netscape.com,Columbia,MO
Willie,Castillo,wcastilloiv@google.it,Memphis,TN
Terry,Medina,tmedinaiw@columbia.edu,Orlando,FL
Teresa,Kelley,tkelleyix@mtv.com,Grand Rapids,MI
Margaret,Chavez,mchaveziy@pen.io,Austin,TX
Daniel,Watson,dwatsoniz@usgs.gov,Sacramento,CA
Kathy,Morgan,kmorganj0@seattletimes.com,Pensacola,FL
Anne,Ramirez,aramirezj1@umich.edu,Hayward,CA
Janet,Williamson,jwilliamsonj2@a8.net,Trenton,NJ
Gloria,Reid,greidj3@github.com,Hampton,VA
Nicholas,Price,npricej4@shop-pro.jp,Bronx,NY
Shawn,Garza,sgarzaj5@wisc.edu,Shreveport,LA
Janet,Garcia,jgarciaj6@google.es,Charlotte,NC
Ruth,Kelly,rkellyj7@illinois.edu,New York City,NY
Pamela,Bennett,pbennettj8@de.vu,Staten Island,NY
Doris,Weaver,dweaverj9@google.ca,Battle Creek,MI
Scott,Hudson,shudsonja@mapy.cz,South Bend,IN
Debra,Bradley,dbradleyjb@ebay.com,Melbourne,FL
Phyllis,Jacobs,pjacobsjc@symantec.com,Olympia,WA
Karen,Henderson,khendersonjd@multiply.com,Whittier,CA
Stephanie,Murphy,smurphyje@prweb.com,Tallahassee,FL
Peter,Ross,prossjf@skyrock.com,Jacksonville,FL
Heather,Sanchez,hsanchezjg@discovery.com,Dallas,TX
Jeffrey,Clark,jclarkjh@newsvine.com,Anaheim,CA
Paul,Mendoza,pmendozaji@thetimes.co.uk,Madison,WI
Aaron,Brown,abrownjj@yale.edu,Arlington,TX
Phillip,Diaz,pdiazjk@dot.gov,Roanoke,VA
Denise,Reed,dreedjl@about.com,Hartford,CT
Justin,Stevens,jstevensjm@blogtalkradio.com,Worcester,MA
Jose,Payne,jpaynejn@discovery.com,Washington,DC
Charles,Grant,cgrantjo@dell.com,Minneapolis,MN
Johnny,Harris,jharrisjp@parallels.com,Fort Worth,TX
Phyllis,Nelson,pnelsonjq@hc360.com,Austin,TX
Rachel,Nichols,rnicholsjr@a8.net,Milwaukee,WI
Elizabeth,Porter,eporterjs@utexas.edu,Waterbury,CT
Jerry,Woods,jwoodsjt@reverbnation.com,Oklahoma City,OK
Joshua,Howard,jhowardju@ning.com,Portland,OR
Margaret,Collins,mcollinsjv@geocities.jp,Richmond,VA
Kathleen,Coleman,kcolemanjw@epa.gov,Houston,TX
Ann,Hanson,ahansonjx@dropbox.com,Pensacola,FL
Alan,Griffin,agriffinjy@amazon.co.jp,Las Vegas,NV
Dorothy,Rose,drosejz@epa.gov,Decatur,GA
Shirley,Taylor,staylork0@vkontakte.ru,Houston,TX
Albert,Fox,afoxk1@state.gov,Fort Wayne,IN
Mary,Frazier,mfrazierk2@go.com,Akron,OH
Kelly,Richards,krichardsk3@alexa.com,Washington,DC
Eugene,Taylor,etaylork4@opensource.org,Spokane,WA
Juan,Wilson,jwilsonk5@google.cn,Fresno,CA
Margaret,Myers,mmyersk6@engadget.com,Fort Worth,TX
Ashley,Gilbert,agilbertk7@epa.gov,Cincinnati,OH
Victor,Ross,vrossk8@timesonline.co.uk,Springfield,IL
Joan,Payne,jpaynek9@wikipedia.org,Albuquerque,NM
Jerry,Brooks,jbrookska@woothemes.com,Philadelphia,PA
Lois,Owens,lowenskb@cnbc.com,San Jose,CA
Samuel,Weaver,sweaverkc@thetimes.co.uk,Worcester,MA
Joan,Day,jdaykd@sciencedirect.com,Tucson,AZ
Arthur,Gonzales,agonzaleske@symantec.com,Washington,DC
Russell,Diaz,rdiazkf@dailymail.co.uk,Colorado Springs,CO
Susan,Frazier,sfrazierkg@imageshack.us,Vancouver,WA
Douglas,Dean,ddeankh@unc.edu,Little Rock,AR
Douglas,Gardner,dgardnerki@fema.gov,Erie,PA
Ernest,Chapman,echapmankj@cafepress.com,San Jose,CA
Kathryn,Jackson,kjacksonkk@freewebs.com,Bakersfield,CA
Gary,Ford,gfordkl@blinklist.com,Anaheim,CA
Gary,Thomas,gthomaskm@oracle.com,Trenton,NJ
Dorothy,Schmidt,dschmidtkn@hibu.com,Alexandria,VA
Jose,Hanson,jhansonko@arizona.edu,Oklahoma City,OK
Aaron,Jones,ajoneskp@wisc.edu,San Francisco,CA
Walter,Hamilton,whamiltonkq@china.com.cn,Grand Rapids,MI
Ashley,Cook,acookkr@xrea.com,Jamaica,NY
Earl,Bell,ebellks@technorati.com,Scottsdale,AZ
Ryan,Mendoza,rmendozakt@macromedia.com,Philadelphia,PA
Pamela,Nichols,pnicholsku@storify.com,Tempe,AZ
Donna,Day,ddaykv@samsung.com,Jackson,MS
Judy,Mcdonald,jmcdonaldkw@columbia.edu,Baltimore,MD
Dennis,Richards,drichardskx@hatena.ne.jp,Jersey City,NJ
Louis,Martinez,lmartinezky@ovh.net,Phoenix,AZ
Frank,Hill,fhillkz@ibm.com,Minneapolis,MN
Kevin,Carter,kcarterl0@rediff.com,San Jose,CA
Alice,Stewart,astewartl1@gmpg.org,Houston,TX
Tammy,Riley,trileyl2@webnode.com,Houston,TX
Juan,Harper,jharperl3@thetimes.co.uk,Madison,WI
George,Harvey,gharveyl4@fc2.com,Aurora,CO
Theresa,Sims,tsimsl5@tamu.edu,Fort Wayne,IN
Samuel,Tucker,stuckerl6@businessinsider.com,Monroe,LA
Donna,Lane,dlanel7@vk.com,Pensacola,FL
Kenneth,Green,kgreenl8@addtoany.com,Orlando,FL
George,Bailey,gbaileyl9@bbb.org,Memphis,TN
Billy,Larson,blarsonla@stumbleupon.com,Indianapolis,IN
Cynthia,Harper,charperlb@over-blog.com,Jersey City,NJ
Betty,King,bkinglc@digg.com,Gastonia,NC
Theresa,Stewart,tstewartld@ebay.co.uk,Houston,TX
Billy,Parker,bparkerle@oakley.com,Woburn,MA
Annie,Long,alonglf@bigcartel.com,Battle Creek,MI
Diane,Bennett,dbennettlg@virginia.edu,Detroit,MI
Nicholas,Willis,nwillislh@technorati.com,Charleston,SC
Gerald,Anderson,gandersonli@ning.com,Fort Wayne,IN
Sean,Morrison,smorrisonlj@engadget.com,Montgomery,AL
Gloria,Arnold,garnoldlk@reference.com,Spartanburg,SC
Lillian,Richards,lrichardsll@plala.or.jp,Raleigh,NC
Scott,Nguyen,snguyenlm@linkedin.com,Shawnee Mission,KS
Edward,Scott,escottln@1688.com,Saint Petersburg,FL
James,Martin,jmartinlo@google.co.jp,Cincinnati,OH
Harry,Peters,hpeterslp@gov.uk,Los Angeles,CA
Russell,Henry,rhenrylq@independent.co.uk,Lexington,KY
Adam,Hansen,ahansenlr@umich.edu,Silver Spring,MD
William,Hamilton,whamiltonls@gravatar.com,Dallas,TX
Wanda,Perkins,wperkinslt@google.it,Young America,MN
Phillip,Hawkins,phawkinslu@friendfeed.com,Buffalo,NY
Joseph,Berry,jberrylv@marketwatch.com,Topeka,KS
Wayne,Thompson,wthompsonlw@arizona.edu,Valley Forge,PA
Harold,Wheeler,hwheelerlx@jiathis.com,Louisville,KY
Kathy,Ortiz,kortizly@hud.gov,Gadsden,AL
Dorothy,Harper,dharperlz@baidu.com,Birmingham,AL
Eric,Woods,ewoodsm0@51.la,Sterling,VA
Peter,Lane,planem1@unblog.fr,Winston Salem,NC
Billy,Phillips,bphillipsm2@typepad.com,Bakersfield,CA
Patrick,Snyder,psnyderm3@state.tx.us,Dallas,TX
Jesse,Butler,jbutlerm4@amazon.com,Toledo,OH
Kathy,Price,kpricem5@marketwatch.com,Flint,MI
Deborah,Medina,dmedinam6@blogtalkradio.com,Santa Ana,CA
Charles,Lawson,clawsonm7@clickbank.net,Newark,DE
Amy,Hart,ahartm8@ovh.net,San Jose,CA
Jimmy,Reynolds,jreynoldsm9@blogspot.com,New York City,NY
Ruby,Reid,rreidma@prweb.com,San Diego,CA
Virginia,Turner,vturnermb@wikispaces.com,Abilene,TX
Judith,Cole,jcolemc@jiathis.com,Saint Paul,MN
Ralph,Daniels,rdanielsmd@elpais.com,Lansing,MI
Brian,Hill,bhillme@epa.gov,Newport News,VA
Roy,Jacobs,rjacobsmf@ca.gov,Boston,MA
Bobby,Gardner,bgardnermg@wufoo.com,Minneapolis,MN
Anthony,Hamilton,ahamiltonmh@hugedomains.com,Newport News,VA
Pamela,Howard,phowardmi@facebook.com,Allentown,PA
Angela,Evans,aevansmj@dropbox.com,Trenton,NJ
George,Gutierrez,ggutierrezmk@jimdo.com,Miami,FL
Brenda,Lewis,blewisml@ehow.com,Austin,TX
Phyllis,Daniels,pdanielsmm@thetimes.co.uk,Miami,FL
Scott,Reyes,sreyesmn@shutterfly.com,Columbus,OH
Johnny,Gonzalez,jgonzalezmo@youtube.com,Lancaster,CA
Nancy,Garcia,ngarciamp@exblog.jp,Louisville,KY
Debra,Schmidt,dschmidtmq@1und1.de,Killeen,TX
Phyllis,Cooper,pcoopermr@imageshack.us,Marietta,GA
Brandon,Freeman,bfreemanms@sciencedaily.com,Alpharetta,GA
Phyllis,Stanley,pstanleymt@nifty.com,Washington,DC
Shirley,Cruz,scruzmu@tuttocitta.it,Orlando,FL
Alan,Reid,areidmv@aboutads.info,Charlottesville,VA
Roy,Gonzales,rgonzalesmw@discuz.net,Rockville,MD
Bobby,White,bwhitemx@springer.com,Orlando,FL
Kathryn,Rogers,krogersmy@guardian.co.uk,Houston,TX
Jonathan,Garza,jgarzamz@cnbc.com,New Castle,PA
Frank,Armstrong,farmstrongn0@boston.com,Trenton,NJ
Kathleen,Burton,kburtonn1@mapquest.com,Washington,DC
Norma,Fowler,nfowlern2@sogou.com,Washington,DC
Alice,Jacobs,ajacobsn3@vk.com,Aurora,IL
Rose,Barnes,rbarnesn4@drupal.org,Fort Wayne,IN
Christine,Mason,cmasonn5@usda.gov,Sterling,VA
Paula,Watson,pwatsonn6@yahoo.co.jp,Providence,RI
Nicole,Carpenter,ncarpentern7@cdc.gov,El Paso,TX
Fred,Snyder,fsnydern8@adobe.com,Fort Lauderdale,FL
David,Ramos,dramosn9@hatena.ne.jp,Lake Worth,FL
Elizabeth,Webb,ewebbna@ezinearticles.com,Charleston,WV
Catherine,Hunter,chunternb@narod.ru,Harrisburg,PA
Barbara,Gonzales,bgonzalesnc@nba.com,Peoria,IL
Virginia,Burke,vburkend@sogou.com,Tampa,FL
Andrew,Kelly,akellyne@mayoclinic.com,Durham,NC
Thomas,Barnes,tbarnesnf@cloudflare.com,Young America,MN
Ronald,Russell,rrussellng@springer.com,Hartford,CT
Sarah,Tucker,stuckernh@addthis.com,Baltimore,MD
Sandra,Greene,sgreeneni@cnn.com,Long Beach,CA
Anthony,Austin,aaustinnj@tuttocitta.it,Clearwater,FL
Ann,Bradley,abradleynk@sbwire.com,Oklahoma City,OK
Phillip,Gordon,pgordonnl@cmu.edu,Seattle,WA
Evelyn,Dixon,edixonnm@prnewswire.com,Kansas City,MO
Catherine,Medina,cmedinann@skyrock.com,Los Angeles,CA
Aaron,Gordon,agordonno@qq.com,Atlanta,GA
Frances,Lawrence,flawrencenp@goodreads.com,Pittsburgh,PA
Rose,Morrison,rmorrisonnq@google.ru,Nashville,TN
Earl,Sanders,esandersnr@ustream.tv,Houston,TX
Kathy,Hernandez,khernandezns@sogou.com,Farmington,MI
Joyce,Schmidt,jschmidtnt@google.ca,Odessa,TX
Michelle,Alvarez,malvareznu@canalblog.com,Cleveland,OH
Kathleen,Stone,kstonenv@domainmarket.com,Toledo,OH
Robert,Jackson,rjacksonnw@ebay.co.uk,Portsmouth,VA
Elizabeth,Hawkins,ehawkinsnx@lycos.com,Saint Cloud,MN
Walter,Weaver,wweaverny@bizjournals.com,Saint Cloud,MN
Janice,Ferguson,jfergusonnz@netvibes.com,Hartford,CT
Judith,Bennett,jbennetto0@1688.com,Tampa,FL
Michael,Hamilton,mhamiltono1@independent.co.uk,Houston,TX
Lillian,Perry,lperryo2@desdev.cn,Reading,PA
Albert,Hanson,ahansono3@hp.com,Wichita,KS
Annie,Mitchell,amitchello4@cnbc.com,Jamaica,NY
Jose,Myers,jmyerso5@dell.com,Brooklyn,NY
Jesse,Baker,jbakero6@imageshack.us,Vancouver,WA
Aaron,Rodriguez,arodriguezo7@ifeng.com,Torrance,CA
David,Simmons,dsimmonso8@uiuc.edu,Plano,TX
John,Howard,jhowardo9@rediff.com,El Paso,TX
Gloria,Bennett,gbennettoa@infoseek.co.jp,Durham,NC
Bonnie,Fowler,bfowlerob@about.com,Seattle,WA
Tina,Brooks,tbrooksoc@gov.uk,San Antonio,TX
Kelly,Myers,kmyersod@plala.or.jp,Santa Barbara,CA
Jason,Gibson,jgibsonoe@telegraph.co.uk,Pittsburgh,PA
Jesse,Russell,jrussellof@weibo.com,Newark,DE
David,Stanley,dstanleyog@163.com,Whittier,CA
Jennifer,Bailey,jbaileyoh@deliciousdays.com,Evanston,IL
Juan,Spencer,jspenceroi@123-reg.co.uk,Little Rock,AR
Sara,Jones,sjonesoj@google.ca,El Paso,TX
Charles,Webb,cwebbok@boston.com,Racine,WI
Cheryl,Castillo,ccastillool@istockphoto.com,Fort Worth,TX
Louis,Payne,lpayneom@feedburner.com,Bozeman,MT
Wanda,Bailey,wbaileyon@ca.gov,Des Moines,IA
Gary,Watkins,gwatkinsoo@rakuten.co.jp,Washington,DC
Keith,Webb,kwebbop@arizona.edu,Austin,TX
Shawn,Davis,sdavisoq@dailymail.co.uk,Clearwater,FL
Ashley,Franklin,afranklinor@forbes.com,Santa Barbara,CA
Cynthia,Lewis,clewisos@ow.ly,Rochester,NY
Nicole,Powell,npowellot@wordpress.com,Atlanta,GA
Fred,Reid,freidou@barnesandnoble.com,Dallas,TX
Gerald,Rodriguez,grodriguezov@phoca.cz,Houston,TX
Ralph,Gonzalez,rgonzalezow@seesaa.net,Pittsburgh,PA
Cheryl,Perry,cperryox@studiopress.com,Erie,PA
David,Morgan,dmorganoy@goodreads.com,New Orleans,LA
Kevin,Medina,kmedinaoz@drupal.org,Flint,MI
Lois,Hamilton,lhamiltonp0@adobe.com,Bridgeport,CT
Roy,Chapman,rchapmanp1@addthis.com,Pensacola,FL
Louis,Parker,lparkerp2@squidoo.com,Midland,TX
Juan,Martinez,jmartinezp3@tmall.com,Phoenix,AZ
Albert,Larson,alarsonp4@odnoklassniki.ru,New Orleans,LA
Ashley,Harvey,aharveyp5@ustream.tv,Seattle,WA
Catherine,Cruz,ccruzp6@vimeo.com,Richmond,VA
Katherine,Castillo,kcastillop7@godaddy.com,El Paso,TX
Deborah,Perkins,dperkinsp8@sourceforge.net,Tampa,FL
William,Banks,wbanksp9@diigo.com,Bismarck,ND
Cynthia,Anderson,candersonpa@walmart.com,Milwaukee,WI
Russell,Howell,rhowellpb@reverbnation.com,Syracuse,NY
Gloria,Robertson,grobertsonpc@pcworld.com,Washington,DC
Bobby,Hunt,bhuntpd@alibaba.com,Columbia,SC
Jesse,Gordon,jgordonpe@naver.com,Minneapolis,MN
Martin,Kelley,mkelleypf@chicagotribune.com,Lehigh Acres,FL
Ryan,Carter,rcarterpg@constantcontact.com,Fort Lauderdale,FL
Wanda,Jacobs,wjacobsph@people.com.cn,Portsmouth,NH
Nicholas,Bishop,nbishoppi@ameblo.jp,Oklahoma City,OK
Gerald,Snyder,gsnyderpj@posterous.com,Cleveland,OH
Denise,Gardner,dgardnerpk@edublogs.org,Cleveland,OH
Cynthia,Fowler,cfowlerpl@nytimes.com,Tulsa,OK
Kimberly,Parker,kparkerpm@ted.com,Orlando,FL
Edward,Gonzalez,egonzalezpn@about.me,Louisville,KY
Andrea,Rose,arosepo@ocn.ne.jp,Austin,TX
Phyllis,Henderson,phendersonpp@bigcartel.com,Fresno,CA
Lori,Wheeler,lwheelerpq@aol.com,Odessa,TX
Mark,Romero,mromeropr@sciencedirect.com,New Orleans,LA
Beverly,Thomas,bthomasps@themeforest.net,Aurora,IL
Susan,Daniels,sdanielspt@ihg.com,Houston,TX
Terry,Campbell,tcampbellpu@infoseek.co.jp,Concord,CA
Billy,Mccoy,bmccoypv@de.vu,Newark,NJ
Dorothy,Warren,dwarrenpw@histats.com,Wilmington,DE
Johnny,Hicks,jhickspx@time.com,Chattanooga,TN
Shirley,Hudson,shudsonpy@edublogs.org,Daytona Beach,FL
Gerald,Diaz,gdiazpz@alexa.com,Fort Myers,FL
Willie,Lynch,wlynchq0@angelfire.com,Las Vegas,NV
Joshua,Richardson,jrichardsonq1@census.gov,San Bernardino,CA
Johnny,West,jwestq2@hc360.com,Pensacola,FL
David,Carroll,dcarrollq3@economist.com,Pittsburgh,PA
Alan,Alvarez,aalvarezq4@homestead.com,Washington,DC
Pamela,Riley,prileyq5@wordpress.org,Denver,CO
Michael,Ray,mrayq6@networkadvertising.org,Dulles,VA
Sandra,Marshall,smarshallq7@upenn.edu,Duluth,MN
Jeffrey,Wagner,jwagnerq8@ucsd.edu,Norfolk,VA
Aaron,Perkins,aperkinsq9@blogtalkradio.com,Denver,CO
Alice,Willis,awillisqa@ustream.tv,Kissimmee,FL
Nancy,White,nwhiteqb@washingtonpost.com,Syracuse,NY
Charles,Weaver,cweaverqc@virginia.edu,Raleigh,NC
Sharon,Stewart,sstewartqd@narod.ru,Greenville,SC
Jeremy,Lawrence,jlawrenceqe@studiopress.com,Huntsville,AL
Harry,Alvarez,halvarezqf@biglobe.ne.jp,Aurora,CO
Lillian,Shaw,lshawqg@latimes.com,El Paso,TX
Eric,Perry,eperryqh@dot.gov,Dallas,TX
Louise,Sullivan,lsullivanqi@umich.edu,Saint Louis,MO
Beverly,Russell,brussellqj@answers.com,Muskegon,MI
Randy,Stanley,rstanleyqk@msu.edu,Washington,DC
Shawn,Rivera,sriveraql@msu.edu,Norcross,GA
Ryan,Johnson,rjohnsonqm@nationalgeographic.com,Reno,NV
Judy,Morrison,jmorrisonqn@mozilla.org,Springfield,MA
Roy,Hill,rhillqo@disqus.com,Ocala,FL
Deborah,Hall,dhallqp@purevolume.com,Louisville,KY
Brian,Carroll,bcarrollqq@blogger.com,Shawnee Mission,KS
Anthony,Martinez,amartinezqr@cdc.gov,Littleton,CO
Marilyn,Carter,mcarterqs@dedecms.com,Saint Louis,MO
Brian,Woods,bwoodsqt@economist.com,New Orleans,LA
Jacqueline,Fowler,jfowlerqu@xing.com,Kansas City,MO
Paul,Schmidt,pschmidtqv@quantcast.com,Rochester,NY
Mildred,Crawford,mcrawfordqw@whitehouse.gov,Saint Petersburg,FL
Sara,Moore,smooreqx@t.co,Elmira,NY
Amanda,Stewart,astewartqy@fc2.com,Baltimore,MD
Angela,Willis,awillisqz@wix.com,Hamilton,OH
Adam,Stanley,astanleyr0@wikia.com,Houston,TX
Kelly,Powell,kpowellr1@telegraph.co.uk,Hamilton,OH
Kenneth,Hunter,khunterr2@cnn.com,Charlotte,NC
Deborah,Woods,dwoodsr3@marriott.com,Tucson,AZ
Kathy,Wilson,kwilsonr4@berkeley.edu,Saint Louis,MO
Dorothy,Harper,dharperr5@weebly.com,Miami,FL
Terry,Rodriguez,trodriguezr6@senate.gov,Charlotte,NC
Jean,Kelly,jkellyr7@eventbrite.com,Olympia,WA
Anna,Mills,amillsr8@instagram.com,Decatur,GA
Sarah,Jackson,sjacksonr9@nytimes.com,Edmond,OK
Mary,Bowman,mbowmanra@e-recht24.de,Baltimore,MD
Daniel,Collins,dcollinsrb@yelp.com,Daytona Beach,FL
Emily,Roberts,erobertsrc@businessinsider.com,Sacramento,CA
Sarah,Bishop,sbishoprd@bloglines.com,Tyler,TX
Stephanie,Hanson,shansonre@biglobe.ne.jp,Phoenix,AZ
Alan,Greene,agreenerf@istockphoto.com,Greenville,SC
Alan,Porter,aporterrg@time.com,San Diego,CA
Sandra,Payne,spaynerh@etsy.com,Independence,MO
Douglas,Warren,dwarrenri@about.me,Houston,TX
Robert,Cooper,rcooperrj@seesaa.net,Louisville,KY
Irene,Robinson,irobinsonrk@squidoo.com,El Paso,TX
Margaret,Reynolds,mreynoldsrl@free.fr,Philadelphia,PA
Frank,Brooks,fbrooksrm@virginia.edu,Duluth,MN
Phyllis,King,pkingrn@sina.com.cn,Sacramento,CA
Philip,Pierce,ppiercero@goo.ne.jp,Cleveland,OH
Larry,Cunningham,lcunninghamrp@nps.gov,Phoenix,AZ
Frances,Myers,fmyersrq@example.com,Charleston,WV
Melissa,Duncan,mduncanrr@mapy.cz,Kansas City,KS
